,car_name,s_driven,fuel_type,city,year_of_manufacture,car_price_in_rupees
0,276,22402,1,8,2016,4.45
1,495,10344,1,7,2019,2.93
2,830,12999,0,2,2021,22.49
3,559,45000,1,13,2016,6.95
4,383,11193,1,7,2019,12
5,577,42906,1,3,2017,3.72
6,232,66602,0,8,2017,11.5
7,582,13189,1,2,2019,10.39
8,866,67815,1,8,2013,3.75
9,741,19509,1,8,2018,4.25
10,555,60000,0,0,2017,6.75
11,491,3583,1,2,2019,4.49
13,630,48748,0,6,2019,9.5
14,380,38000,0,13,2018,13.25
15,861,36000,1,7,2016,9.25
16,252,13747,1,0,2017,6.75
17,685,3200,2,12,2022,95
18,108,12795,1,3,2018,8.71
19,343,41273,1,8,2014,3.35
20,216,20142,1,12,2016,9.88
22,396,47103,0,13,2019,11
23,545,7755,1,8,2020,9.9
24,739,33513,1,5,2019,3.45
25,45,24848,0,7,2019,37.49
26,509,34559,1,4,2017,6.39
27,360,4000,1,0,2022,8.9
28,108,54544,1,7,2018,6.59
29,646,42247,1,7,2018,3.92
30,195,100000,0,6,2018,8
31,618,69000,0,6,2019,7.75
32,819,10422,1,4,2021,11.52
33,30,52000,0,8,2014,16.75
34,545,56255,1,0,2019,8.5
35,295,78260,3,4,2021,5.93
36,492,19970,3,2,2021,4.15
37,431,9070,1,0,2020,18.5
38,121,73000,1,13,2013,2.4
39,25,46336,0,7,2015,11.99
40,231,57220,1,13,2016,8.95
41,197,7096,1,12,2021,9.68
42,685,21500,2,2,2020,81
43,268,44045,1,12,2015,4.93
44,63,70000,0,7,2013,10.5
45,626,32853,0,13,2018,7.85
46,53,26781,0,7,2017,38.99
47,788,45700,1,0,2021,31
48,610,62000,1,13,2014,4.85
49,641,73500,3,13,2017,4.35
50,641,74076,3,12,2017,4.51
51,843,56355,1,8,2018,5.45
52,840,37000,1,13,2017,4.5
53,652,22158,3,12,2021,6.81
54,330,62568,1,9,2014,3.95
55,397,19970,1,12,2019,11.43
56,52,73900,0,0,2015,23
57,395,37991,1,13,2020,10.5
58,214,58676,1,8,2018,12.75
59,284,35104,1,2,2017,5.99
60,390,51605,1,12,2019,16.2
61,605,17472,1,4,2020,4.2
62,257,80000,0,4,2015,4.75
63,691,16785,1,2,2021,66
64,678,3999,1,2,2020,68.99
65,641,66882,3,12,2017,4.41
66,15,71235,0,0,2018,29.5
67,77,56000,0,0,2013,5.9
68,276,74938,1,4,2016,4.14
69,156,82000,1,9,2009,2.85
70,652,57685,3,12,2021,6.75
71,254,48000,1,6,2018,7.1
72,666,120000,0,6,2013,13.95
73,265,33146,1,0,2015,3.2
74,512,26603,1,4,2019,6.29
75,924,53094,1,8,2016,6.51
76,276,4098,1,8,2017,4.75
77,651,75379,1,12,2011,2.89
78,304,15763,1,7,2019,8.97
79,665,119500,1,0,2010,8.5
80,651,42697,1,7,2013,2.76
81,252,45000,1,0,2018,6.9
82,634,55174,0,12,2019,10.44
83,173,82953,1,3,2016,7.35
84,648,85138,1,12,2016,3.9
85,37,57000,0,6,2015,25
86,18,52000,0,7,2013,11.25
87,231,27623,1,2,2016,9.79
88,335,73333,1,2,2015,4.99
89,438,45999,0,2,2019,16.59
90,517,61518,1,9,2017,5.45
91,606,65,1,4,2021,4.76
92,522,42400,0,2,2017,7.39
93,373,45221,1,8,2017,13.95
94,594,11290,1,12,2020,6.28
95,283,68446,1,4,2016,4.09
96,168,51850,1,8,2015,5.9
97,878,10000,1,8,2020,7.95
98,26,69500,0,0,2012,11.9
99,612,44681,1,6,2012,4.45
100,754,65428,1,12,2016,2.99
101,322,84344,1,4,2013,3.91
102,635,113600,0,13,2018,8.9
103,652,17778,3,4,2020,5.99
104,512,33269,1,7,2018,5.8
105,434,15222,1,2,2021,19.25
106,170,87139,0,6,2017,9.25
107,621,69551,1,4,2013,3.4
108,321,72500,0,13,2013,4.85
109,627,28899,1,4,2018,6.33
110,646,13595,1,7,2017,3.96
111,115,83000,0,8,2016,24.75
112,252,19418,1,2,2019,7.75
113,941,50965,0,7,2015,12
114,97,74000,0,13,2014,4.91
115,336,21707,0,7,2017,4.25
116,486,83555,0,6,2013,7.4
117,317,37000,1,8,2015,5.85
118,275,43000,1,9,2014,3.85
119,521,21769,1,8,2017,6.9
120,57,32000,1,8,2018,42.5
121,564,14886,1,8,2018,7.99
122,431,6602,1,0,2020,18.9
123,641,58000,3,13,2014,3.85
124,641,63339,3,12,2014,4.07
125,551,4500,1,5,2020,8.3
126,757,23600,1,3,2020,7.6
127,304,17844,1,7,2019,9.55
128,164,21000,1,0,2019,8.75
129,807,60000,0,14,2017,2.5
130,527,34530,1,13,2016,4.5
131,154,117192,1,6,2014,14
132,195,54000,0,13,2016,5.95
133,716,38999,1,2,2016,6.79
134,905,58549,0,3,2017,6.6
135,256,41055,1,4,2019,6.87
136,744,53728,1,4,2018,3.04
137,284,42141,1,2,2017,5.29
138,836,63130,1,4,2018,4.16
139,507,53912,1,3,2016,3.01
140,815,20678,0,13,2019,9.41
141,828,4259,0,2,2022,23.75
142,185,48866,1,0,2016,4.9
143,754,32954,1,4,2018,3.31
144,651,37000,1,8,2012,2.35
145,481,85000,0,0,2018,13.9
146,0,36627,0,2,2016,24.75
147,914,62690,1,2,2018,9.25
148,891,12039,0,0,2020,21.5
149,174,26230,1,4,2020,12.04
150,293,19156,1,12,2020,5.57
151,279,18350,1,7,2020,5.79
152,252,44053,1,12,2018,5.54
153,337,69000,1,0,2014,3.4
154,390,51605,1,12,2019,16.2
155,55,40000,0,0,2017,43
156,800,35438,0,13,2020,18.95
157,61,65000,1,0,2008,10
158,543,38500,1,0,2020,8.85
159,641,20583,3,12,2018,4.84
160,780,81325,0,7,2016,7.15
161,520,35000,1,0,2017,5.9
162,528,25000,1,6,2015,4.85
163,193,37993,1,4,2015,4.62
164,412,21693,0,7,2018,34.99
165,225,63194,1,13,2018,10.25
166,338,60000,1,13,2009,1.8
171,302,75400,0,12,2017,19.25
172,613,84996,0,6,2016,4.75
173,620,74767,1,8,2015,4.6
174,130,63956,1,5,2013,3.42
175,641,48000,3,13,2017,4.5
176,733,48330,0,2,2014,6.85
177,498,93150,1,7,2014,2.1
178,68,69499,0,6,2016,41
179,467,75000,0,9,2016,5.45
180,386,13748,0,2,2021,34.99
181,545,30672,1,2,2019,10.75
182,376,64683,0,2,2019,17.99
183,509,69886,1,8,2019,7.11
184,35,34000,0,7,2014,21.5
185,230,62137,1,2,2019,11.49
186,509,56800,1,4,2016,5.24
187,330,42382,1,13,2015,4.75
188,646,66794,1,7,2018,3.9
189,169,19600,1,0,2020,11.5
190,699,85489,0,6,2011,19
192,177,19238,1,8,2020,12.85
193,620,78518,1,6,2013,4.2
194,219,54104,1,8,2017,8.55
195,731,55300,0,2,2018,8.99
196,743,40397,1,3,2018,3.48
197,486,87527,0,8,2015,8.11
198,879,63000,1,0,2019,6.75
199,619,83647,0,12,2016,5.67
200,364,75592,0,6,2018,21
201,734,57660,0,8,2012,4.75
202,140,42277,1,9,2018,6.85
203,606,2600,1,0,2022,5.25
204,945,51000,0,0,2014,22.57
205,266,19630,1,8,2017,5.75
206,172,42218,1,8,2016,7.45
207,877,69553,1,3,2019,7.08
208,506,48448,1,4,2017,3.38
209,840,60167,1,4,2019,4.84
210,157,61000,1,9,2012,3.95
211,283,26282,1,12,2015,4.34
212,679,19070,0,2,2019,61.75
213,12,67262,0,3,2018,32
214,546,5814,1,7,2020,8.72
215,784,76810,0,7,2017,6.5
216,144,63587,0,8,2015,4.95
217,393,28000,1,7,2019,15.25
218,143,42637,0,2,2014,4.99
219,646,52775,1,12,2017,4.32
220,565,21809,1,13,2019,8.5
221,935,45689,1,8,2016,7.25
222,541,34251,1,12,2017,4.33
223,580,55000,3,13,2016,7.2
224,778,95004,0,6,2018,9.25
225,801,20856,0,2,2019,16.95
226,575,11800,1,3,2020,8.75
227,512,32897,1,12,2016,5.1
228,466,47107,0,4,2016,5.65
229,502,76614,1,12,2011,2.25
230,32,32345,0,7,2018,19.99
231,365,35491,0,2,2018,37.75
232,893,22562,0,6,2021,32.5
233,547,49908,0,8,2018,7.45
234,445,2482,1,8,2021,44
235,375,9000,0,1,2020,23
236,912,27700,1,13,2015,4.65
237,653,49000,1,13,2009,1.8
238,592,12104,1,7,2018,4.53
239,334,28646,1,12,2016,5.34
240,495,35965,1,7,2014,2.05
241,684,64000,0,6,2010,15.5
242,520,5288,1,13,2020,7.35
243,939,90604,0,6,2017,17.9
245,350,32243,1,6,2020,8.5
246,550,33823,1,4,2017,6.87
247,623,25412,1,7,2018,5.38
248,51,22600,0,3,2021,57.5
249,169,56468,1,0,2017,8.3
251,164,24751,1,7,2018,6.3
252,43,9865,1,0,2016,46
253,540,29646,1,13,2016,4.75
254,64,55000,0,8,2017,21.75
255,940,15446,0,6,2020,59
256,528,24595,1,8,2016,4.45
257,209,97761,0,12,2016,9.98
258,524,47000,1,6,2020,5.65
259,288,66471,1,4,2017,4.85
260,87,37000,1,0,2019,3.25
261,392,28100,1,0,2020,16.9
262,771,63000,0,4,2014,7.99
263,642,26600,3,12,2016,4.3
264,486,55105,0,7,2013,5.75
266,41,51000,0,0,2018,59.5
267,20,76000,0,0,2018,25
268,254,35247,1,12,2017,6.13
269,254,30183,1,7,2019,5.59
270,697,88000,0,6,2018,68
271,434,7870,1,7,2021,16.99
272,479,50000,0,3,2018,14.9
273,45,46000,0,4,2015,17.1
274,529,28726,1,13,2018,4.9
275,639,32907,1,4,2014,3.13
276,498,29092,1,7,2019,3.32
277,208,62461,1,8,2016,7.45
278,776,60000,1,9,2012,3.85
279,369,62645,0,6,2015,26.5
280,882,83000,0,0,2015,9.75
281,337,55000,1,0,2015,3.5
282,871,181213,0,6,2019,35
283,569,25000,1,4,2020,6.9
284,84,52000,1,0,2018,2.35
285,102,38203,1,7,2013,4.51
286,641,64942,3,4,2017,4.06
287,512,47837,1,4,2018,5.4
289,673,51500,0,7,2015,16.49
290,766,23160,1,6,2018,21
291,858,75000,1,13,2015,6.95
292,854,63000,1,4,2014,8.83
293,45,104264,0,6,2013,15.5
294,241,15972,1,4,2017,6.59
295,265,33146,1,0,2015,3.2
296,624,30956,1,3,2020,6.74
297,738,4371,1,7,2022,9.98
298,247,63653,0,6,2020,10.75
299,157,55297,1,13,2013,4.05
300,719,12000,1,0,2015,78.57
301,610,21391,1,7,2014,4.17
302,745,11546,1,4,2021,4.83
303,292,16270,1,12,2020,5.89
304,710,73000,0,0,2012,2.9
305,277,53000,1,6,2018,5.49
306,675,34000,1,8,2016,19.25
307,304,16328,1,12,2019,10.64
308,421,5600,1,13,2021,77
309,600,73994,0,6,2016,7.6
310,326,43920,1,2,2019,10.59
311,646,17715,1,7,2014,3.17
312,858,82902,1,4,2018,10.4
314,646,23344,1,6,2018,4.71
315,318,93494,1,7,2019,7.49
316,191,27222,1,8,2018,7.25
317,221,14468,0,6,2021,16
319,559,65000,1,13,2015,5.75
320,500,60028,1,4,2012,1.9
321,673,37300,0,2,2018,29.5
322,214,32143,1,8,2018,11.25
323,244,55669,1,3,2016,6.45
324,276,72757,1,4,2016,4.05
325,165,56000,1,0,2017,8.75
326,621,70244,1,7,2013,3.26
327,66,46595,0,4,2018,21.45
328,660,20703,1,0,2020,9.51
329,801,47579,0,8,2019,14.65
330,66,31000,0,7,2019,28
331,696,31300,0,0,2019,58
332,111,52157,0,6,2016,7.5
333,484,91000,0,0,2016,9.5
334,18,69631,0,6,2013,21
335,347,32036,1,8,2018,6.11
336,663,2000,1,3,2022,64.5
337,239,22621,1,7,2018,6
338,172,45000,1,13,2015,6.25
339,324,33423,1,12,2019,11.26
340,337,31500,1,0,2015,3.5
341,231,51000,1,13,2017,9.25
342,731,39030,0,2,2018,9.79
343,668,27236,1,2,2018,30.56
349,405,25007,0,12,2020,14.19
350,593,38944,1,3,2019,4.89
351,276,72757,1,4,2016,4.05
352,937,101740,1,6,2010,3.5
353,540,9130,1,12,2019,5.99
354,191,48650,1,8,2017,6.75
355,214,40314,1,12,2016,10.29
356,945,30800,0,0,2015,22.87
357,496,33000,3,9,2019,3.45
358,256,54000,1,6,2019,7.9
359,168,22500,1,13,2018,8.45
360,878,29866,1,2,2020,8.49
361,93,65000,1,9,2017,5.35
362,103,78822,1,5,2014,4.75
363,919,9792,1,0,2021,16.49
364,267,64774,1,2,2016,5.69
365,870,31283,0,2,2018,33.75
366,774,10713,1,4,2020,10.82
367,520,13127,1,7,2021,6.99
368,648,50000,1,13,2016,4.25
369,495,35340,1,12,2018,3.25
370,191,27654,1,8,2017,6.51
371,295,40067,3,12,2018,5.23
372,512,50899,1,4,2018,5.48
373,276,52000,1,13,2017,4.6
374,163,51292,1,13,2017,6.95
375,252,19905,1,7,2017,5.19
376,810,18000,1,0,2015,1.1
377,580,28715,3,13,2021,11.4
378,584,69161,3,8,2015,7.21
379,603,54571,0,12,2017,8.87
380,173,25000,1,13,2016,7.75
381,172,24259,1,7,2019,8.75
382,495,30233,1,12,2015,2.95
383,471,21000,0,4,2021,17.5
384,580,51000,3,13,2017,8.25
385,276,23137,1,13,2016,4.5
386,411,159070,0,6,2015,26
387,567,52328,0,9,2018,6.45
388,516,35849,1,12,2017,6.66
389,309,24783,1,2,2020,10.66
390,556,27346,1,7,2016,5
391,343,75619,1,3,2014,3.49
392,343,54000,1,7,2013,2.45
393,711,58000,1,9,2012,2.95
394,385,27340,1,6,2021,65
395,622,17000,1,10,2020,6.3
396,928,111139,0,8,2018,7.9
397,233,40916,0,12,2018,18.75
398,201,120463,0,14,2018,9.5
399,148,94197,0,13,2017,7.99
400,610,76859,1,12,2014,4.24
401,163,33000,1,0,2017,7.25
402,512,17286,1,7,2018,5.96
403,690,40484,0,2,2017,28.5
404,838,70450,0,0,2020,5.4
405,168,45074,1,7,2019,8.4
406,246,101000,0,13,2015,6.95
407,62,22000,1,0,2016,59
408,359,69000,1,8,2012,3.45
409,569,14895,1,12,2018,6.96
410,847,11444,3,4,2022,8.1
411,839,32120,1,4,2018,4.14
412,871,64300,0,0,2019,33
413,802,30503,0,13,2021,22
414,167,62042,1,0,2019,8.25
415,466,122924,0,6,2017,7.45
416,109,37000,1,0,2016,6.9
417,762,23402,1,2,2021,19.25
418,16,35000,1,8,2015,17.25
419,241,38657,1,12,2017,6.39
420,648,64000,1,6,2016,4.45
421,275,35094,1,12,2018,5.1
422,877,18000,1,14,2021,7.3
423,705,18503,1,12,2021,6.7
424,106,30000,1,4,2018,8.25
425,198,33197,1,3,2020,8.42
426,424,39800,1,13,2019,77
427,100,83000,0,0,2016,6.9
428,49,3600000,0,12,2019,36
429,629,24783,1,7,2021,7.15
430,631,55000,0,13,2017,8.15
431,296,11844,1,12,2019,5.54
432,371,37430,0,6,2017,16.95
433,486,81682,0,2,2013,8.79
434,330,32700,1,0,2014,4.9
435,202,23795,1,3,2021,10.19
436,612,37188,1,12,2015,5.18
437,507,27044,1,2,2017,3.79
438,258,52451,0,6,2016,6.6
439,436,35200,1,2,2020,16.49
440,254,30490,1,2,2019,8.49
441,540,65000,1,13,2019,5
442,493,36427,3,8,2017,3.49
443,292,47873,1,12,2020,5.89
444,479,116000,0,9,2015,8.65
445,921,11321,1,13,2022,17.9
446,219,12000,1,13,2018,9.3
447,285,23671,1,2,2018,6.95
448,609,58000,1,7,2009,1.6
449,137,38868,1,4,2018,6.65
450,173,33613,1,8,2016,7.95
451,30,90246,0,0,2016,20.5
452,283,58005,1,13,2018,5
453,902,44000,1,6,2018,9.8
454,622,28151,1,4,2019,7.04
455,207,59233,1,9,2015,7.45
456,271,34000,0,14,2017,5
457,509,47500,1,13,2017,6.1
458,157,82000,1,13,2010,3.25
459,876,28000,0,12,2021,48.5
460,863,32545,1,7,2015,4.35
461,168,82852,1,4,2014,6.53
462,104,56615,0,13,2015,5.99
463,393,57600,1,3,2019,14.9
464,273,30704,0,6,2018,6.2
465,71,60000,0,12,2017,47.9
466,512,14813,1,4,2016,5.27
467,91,85451,0,6,2014,3.5
468,747,39736,1,8,2017,4.25
469,669,31283,0,2,2016,28.78
470,165,69000,1,13,2015,6.15
471,659,14222,1,0,2022,12.9
472,156,63000,1,8,2011,3.45
473,911,57261,0,7,2013,2.9
474,774,14049,1,7,2020,10.13
475,263,75000,1,0,2016,2.95
476,606,66,1,4,2021,4.76
477,566,91000,0,6,2018,7.85
478,595,39900,1,13,2011,2.35
479,223,9355,1,13,2022,19.25
480,521,55000,1,14,2018,7
481,920,16777,1,2,2021,17.49
482,888,55627,0,2,2018,24.49
483,587,67590,1,8,2014,5.95
484,708,16937,1,7,2017,3.25
485,168,36000,1,8,2018,8.75
486,140,7702,1,12,2022,8.57
487,606,50729,1,12,2020,4.54
488,48,63000,1,0,2018,22.5
489,443,46251,0,0,2014,14.75
490,314,67000,1,0,2016,5.9
491,673,52295,0,6,2016,25
492,495,52460,1,12,2015,2.92
493,353,41429,1,12,2012,4.3
494,370,28449,1,8,2019,18.25
495,296,57588,1,12,2019,5.26
496,673,51500,0,7,2015,16.49
497,648,53830,1,0,2018,4.9
498,885,120000,0,13,2009,4.25
499,808,50000,0,10,2007,60000
500,495,68000,1,6,2015,3.1
501,519,22772,1,7,2018,6.55
502,276,22407,1,8,2017,4.65
503,255,61546,1,12,2018,6.3
504,355,68000,1,9,2012,3.1
505,165,45000,1,0,2015,6.9
506,428,4946,1,13,2021,16.85
507,646,13889,1,12,2017,4.64
508,373,23409,1,12,2019,16.92
509,869,82000,0,6,2017,32.5
510,524,40900,1,2,2014,4.15
511,661,8368,0,2,2017,22.95
512,872,107281,0,2,2012,16.49
513,621,51595,1,4,2013,3.4
514,744,22541,1,2,2018,4.6
515,692,46000,0,12,2018,44
516,646,20728,1,7,2016,3.59
517,275,44868,1,2,2019,5.95
518,281,18631,1,12,2019,7.33
519,889,48969,0,13,2018,18.9
520,892,42000,0,6,2022,33.5
521,657,9011,1,2,2021,6.49
522,173,77116,1,6,2015,9.5
524,231,22872,1,2,2017,11.37
525,941,30000,0,0,2016,16
526,238,33647,1,13,2018,7.5
527,498,27233,1,7,2014,2.23
528,223,28374,1,13,2021,17.25
529,464,80500,0,4,2017,8.95
530,914,41417,1,2,2017,9.45
531,498,23377,1,4,2015,2.67
532,245,75126,0,6,2018,8.5
533,545,16700,1,0,2020,9.49
534,202,27429,1,7,2019,6.99
535,752,40000,1,9,2018,2.95
536,122,50945,0,6,2015,4.75
537,624,9500,1,13,2019,6.5
538,183,107551,1,8,2009,2.35
539,488,2100,0,0,2022,28
540,620,40110,1,7,2012,3.27
541,149,60000,1,10,2013,3.7
542,154,74009,1,8,2015,12.51
543,47,13900,1,0,2020,47.5
544,71,28000,0,0,2017,48
545,605,11537,1,0,2020,4.5
546,880,15928,1,2,2021,9.85
547,447,40180,0,7,2019,21.45
548,732,22601,0,6,2018,8.5
549,50,99000,0,6,2016,27.5
550,591,10658,1,12,2020,7.12
551,525,75044,3,12,2020,5.56
552,99,52000,0,13,2019,10.2
553,563,43999,1,2,2018,8.75
554,196,92270,1,8,2017,5.7
555,610,77000,1,13,2012,3.7
556,31,148108,0,0,2015,15
557,646,39876,1,12,2016,4.07
558,368,67534,0,0,2014,19.5
559,496,75430,3,12,2015,3.3
561,635,32000,0,2,2019,11.5
562,287,29000,1,6,2016,5.35
563,347,60273,1,6,2016,6.45
564,135,57000,1,13,2015,4.5
565,820,3280,1,13,2022,10.65
566,42,6500,1,12,2022,93
567,869,51000,0,8,2018,32.5
568,860,90293,1,8,2015,6.45
569,612,36000,1,13,2013,3.95
570,682,39000,0,0,2014,22
571,53,25234,0,6,2019,51.95
572,343,75619,1,3,2014,3.49
573,759,61213,0,6,2019,32.6
574,754,36904,1,12,2021,4.46
575,624,16304,1,7,2018,5.42
576,770,43000,1,8,2015,9.45
577,825,20763,1,5,2021,12.25
578,576,38500,3,13,2016,4.75
579,468,41535,0,6,2017,7.3
580,509,24645,1,13,2019,7.31
581,72,48213,0,8,2018,53
582,73,80000,0,13,2017,42.5
583,27,79000,0,0,2015,15.13
584,545,32031,1,8,2021,11.55
585,345,65002,1,13,2013,2.95
586,478,39300,0,12,2021,15.74
587,741,25332,1,2,2016,4.95
588,495,24456,1,12,2016,2.98
589,266,32491,1,3,2017,5.21
590,254,12593,1,8,2018,6.45
591,296,34267,1,12,2019,5.5
592,538,29855,1,4,2016,4.82
593,347,15367,1,13,2015,5.5
594,304,14667,1,7,2019,8.95
595,316,41990,1,7,2016,5.49
596,210,59000,0,6,2018,14.25
597,329,48000,0,7,2015,3.5
598,539,17542,1,2,2018,5.6
599,774,57702,1,2,2018,8.99
600,155,42408,1,6,2013,6.2
601,757,19784,1,8,2020,7.5
602,173,51000,1,7,2016,5.99
603,730,75795,0,2,2018,8.62
604,893,22562,0,6,2021,32.5
605,510,21367,1,2,2018,8.95
606,665,76000,1,0,2006,4.63
607,669,30000,0,2,2015,26.5
608,270,41017,1,8,2015,5.35
609,269,58184,1,12,2016,5.24
610,562,31573,1,6,2018,9
611,812,4100,2,8,2022,15
612,461,100000,0,14,2012,3
613,848,33100,1,0,2018,4.9
614,568,19000,1,13,2018,6.65
615,168,9300,1,0,2022,9.91
616,281,18631,1,12,2019,7.33
617,301,12030,0,4,2021,7.61
618,241,9889,1,2,2016,7.79
619,767,41000,1,3,2019,19.5
620,328,69599,0,0,2017,10.25
621,283,56322,1,4,2014,3.76
622,298,24587,1,4,2013,2.65
623,231,43398,1,13,2017,9.75
624,44,40000,0,7,2011,9
625,640,18512,1,12,2021,6.87
626,497,13046,1,7,2020,3.69
627,337,73700,1,0,2014,3.9
628,202,6000,1,13,2019,8.9
629,798,6861,0,6,2022,25
630,250,53776,1,13,2015,4.65
631,779,61681,0,7,2017,6.54
632,751,13045,1,4,2019,3.51
633,611,98251,0,12,2012,5.26
634,748,52778,1,6,2018,3.8
635,231,45000,1,8,2016,9.11
636,715,72000,0,0,2015,6.25
637,435,20999,1,2,2021,19.75
638,595,42000,1,13,2012,3.15
639,632,72255,1,3,2020,8.59
640,208,48529,1,12,2017,10.03
641,189,55056,1,2,2017,6.73
642,425,31059,1,7,2020,78.99
643,729,56816,0,13,2014,5.7
644,588,12587,1,0,2021,11.9
645,889,56967,0,6,2017,18.5
646,749,5485,1,12,2021,5.49
647,720,51720,0,7,2019,6.75
648,294,29944,1,12,2018,5.18
649,317,16339,1,7,2018,7.5
650,635,93500,0,6,2018,9.85
651,815,20678,0,13,2019,9.41
652,163,31605,1,13,2017,6.95
653,325,14512,0,6,2021,13.83
654,495,24993,1,4,2018,3.19
655,648,53830,1,0,2018,4.9
656,477,72000,0,6,2018,11.5
657,890,52907,0,3,2017,22.5
658,123,49223,1,6,2016,5.5
659,858,125000,1,4,2018,8.85
660,842,32210,1,2,2018,6.39
661,202,27963,1,4,2018,8.2
662,923,74000,0,6,2017,24
663,41,40000,0,0,2017,61.5
664,486,147421,0,2,2012,7.5
665,66,36114,0,8,2019,32.5
666,852,82000,1,4,2017,21.43
667,136,65000,1,1,2014,4.6
668,667,99941,0,0,2012,9.5
669,104,74000,0,13,2013,4.85
670,620,76256,1,7,2015,3.7
671,92,36500,1,1,2016,4
672,591,41240,1,8,2017,5.25
673,373,23409,1,12,2019,16.92
674,680,11000,0,4,2022,74
675,667,55910,0,2,2013,13.95
676,283,38345,1,12,2016,4.79
677,22,23931,1,0,2020,48
678,485,73342,0,8,2020,13.5
679,137,17500,1,0,2021,8.51
680,392,23113,1,2,2019,14.91
681,694,47045,0,13,2016,42.75
682,275,32064,1,12,2014,4.15
683,575,76203,1,3,2017,6.37
684,283,27448,1,7,2019,4.77
685,370,5030,1,7,2021,22.5
686,291,30858,1,6,2019,5.1
687,614,48000,1,13,2016,5.5
688,345,36500,1,0,2011,3.2
689,532,34039,3,12,2018,5.24
690,252,24062,1,7,2018,5.36
691,670,64148,0,6,2015,30
692,438,46301,0,8,2019,16.11
693,474,3590,1,2,2022,16.99
694,872,134361,0,6,2014,19.9
695,875,108512,0,0,2016,26.49
696,274,8423,3,12,2021,7.78
697,912,78800,1,13,2013,3.45
698,554,46023,1,8,2018,7.45
699,317,47000,1,0,2017,6.75
700,241,18352,1,4,2017,6.83
701,141,70000,1,13,2015,4.6
702,427,12000,1,4,2021,14.75
703,630,36422,0,8,2019,8.75
704,158,86593,1,2,2012,5.65
705,263,34000,1,13,2013,2.5
706,109,48504,1,8,2016,6.85
707,616,12463,1,3,2020,5.64
708,495,54923,1,12,2017,2.99
709,151,52000,1,13,2013,3.05
710,480,53075,0,2,2017,14.99
711,64,21000,0,8,2017,21.75
712,639,18705,1,4,2017,3.91
713,615,69000,0,0,2017,6.9
714,571,71250,0,6,2017,7.7
715,220,18583,1,13,2022,19.2
716,634,117859,0,6,2017,9.5
717,250,67000,1,6,2015,5.75
718,520,57052,1,7,2016,4.83
719,890,75000,0,0,2018,19.75
720,237,71395,1,8,2016,10.9
721,506,24550,1,12,2016,3.89
722,903,28000,1,0,2019,5.9
723,572,8087,1,7,2019,6.34
724,932,88000,1,8,2014,4.45
725,816,26438,1,13,2019,7.45
726,169,71420,1,3,2018,9.96
727,638,21052,1,12,2020,11.17
728,39,170000,0,2,2014,32
729,169,43417,1,8,2017,8.85
730,610,75100,1,4,2012,3.25
731,853,700,1,12,2022,48.5
732,151,21996,1,0,2016,4.5
733,804,30229,0,8,2021,22.51
734,495,37796,1,12,2016,2.99
736,575,40904,1,6,2020,8.8
737,273,43000,0,13,2015,4.15
738,644,80173,3,8,2012,2.95
739,498,18512,1,2,2018,3.79
740,168,73000,1,0,2016,6.25
741,530,1064,3,12,2022,6.89
743,296,60600,1,3,2019,4.86
744,256,21344,1,8,2016,4.95
745,226,82899,0,8,2018,12.85
746,535,29192,1,7,2018,4.5
747,524,11363,1,7,2015,3.64
748,644,77050,3,0,2011,2.5
749,843,24051,1,13,2018,5.25
750,479,75811,0,2,2016,13.75
751,841,45412,1,8,2017,4.65
752,888,115000,0,4,2018,15.8
753,618,90251,0,6,2018,7.3
754,646,28518,1,7,2016,3.59
755,84,33766,1,6,2018,3.61
757,940,30000,0,4,2020,47.5
758,610,12902,1,7,2014,4.28
759,633,62769,0,8,2018,8.45
760,282,52242,0,7,2015,3.49
761,198,9838,1,12,2021,10.24
762,749,12000,1,8,2021,4.75
763,147,76275,1,8,2016,7.75
764,171,29500,1,13,2017,7.65
765,832,22617,0,2,2021,23.95
766,756,25000,1,14,2020,6.7
767,646,13889,1,12,2017,4.64
768,59,22000,0,0,2017,69.75
769,714,29208,0,0,2017,5.75
770,937,62000,1,13,2011,3.15
771,419,22000,0,2,2018,53
772,263,26700,1,0,2017,3.5
773,193,41217,1,8,2016,5.3
774,231,56747,1,13,2015,7.5
775,652,51765,3,4,2020,5.53
776,139,54000,1,8,2014,4.65
777,803,9535,0,0,2021,22.5
778,296,25000,1,0,2019,4.85
779,641,47000,3,13,2015,4
780,173,46399,1,8,2015,7.5
781,501,47377,3,4,2019,3.7
782,279,44300,1,2,2019,6.69
783,887,144286,0,6,2017,19.75
784,339,46721,1,13,2013,3.25
785,239,21303,1,2,2018,7.99
786,596,80000,0,13,2014,4.1
787,27,73000,0,4,2015,15.79
789,239,18523,1,8,2015,5.65
790,143,76018,0,6,2015,5.6
791,713,73056,1,2,2013,4.95
792,310,23221,0,13,2021,13
793,152,71000,1,9,2011,2.85
794,256,13825,1,12,2019,7.23
795,851,101785,0,3,2015,5.5
796,641,24000,3,13,2015,4.1
797,526,77813,3,12,2019,5.58
798,512,41617,1,4,2019,6.18
799,45,41000,0,7,2013,12
800,646,55847,1,12,2015,3.78
801,737,16600,1,3,2020,11.9
802,193,57340,1,0,2019,5.99
803,348,45173,1,8,2015,5.9
804,174,58019,1,2,2017,9.99
805,239,18523,1,8,2015,5.65
806,270,53150,1,13,2015,4.99
807,824,44999,1,2,2020,10.99
808,292,12996,1,2,2021,5.4
809,823,50043,1,12,2018,9.13
810,553,21880,1,4,2018,6.86
811,916,36486,0,6,2014,5.5
812,899,18535,1,12,2019,8.47
813,623,37090,1,0,2018,6.75
814,188,26361,1,6,2018,6.5
815,178,72973,1,7,2017,8.11
816,868,121790,1,8,2014,4.11
817,744,140000,1,14,2018,2.7
818,288,39200,1,12,2017,5.25
819,282,61391,0,6,2017,5.5
820,603,87544,0,6,2018,9.5
821,151,32000,1,13,2014,3.45
822,512,66000,1,9,2017,5.65
823,706,13264,1,13,2021,8.4
824,782,31469,1,8,2018,8.75
825,908,71976,1,6,2017,6.5
826,162,59800,1,0,2016,5.75
827,145,5768,1,12,2020,9.22
828,627,55209,1,12,2015,5.31
829,673,59500,0,0,2016,24.26
831,715,63839,0,2,2016,7.69
832,366,32434,1,2,2017,29.75
834,241,12906,1,7,2017,5.45
835,622,18236,1,13,2021,7.65
836,602,6200,1,0,2022,10.5
837,164,80122,1,9,2014,5.75
838,187,46220,0,7,2016,4.5
839,107,63767,0,2,2016,7.99
840,18,69000,0,4,2013,12.13
841,618,81007,0,6,2018,6.85
842,37,78457,0,6,2015,28
843,632,41098,1,2,2020,9.49
844,524,50809,1,12,2016,3.96
845,636,59568,0,6,2019,9.54
846,763,140037,0,8,2013,4.25
847,201,63036,0,7,2017,6.45
848,492,18362,3,4,2021,4.51
849,234,85520,0,12,2015,9.31
850,141,46000,1,8,2016,5
851,414,38000,0,13,2018,49.5
852,602,12712,1,6,2021,10.95
853,544,35731,1,2,2017,7.69
854,108,39000,1,7,2017,5.85
855,191,32000,1,7,2015,4.75
857,627,80457,1,6,2018,6.52
858,248,91234,0,7,2018,6.21
859,267,49422,1,12,2016,6.15
860,648,33053,1,12,2017,4.75
861,205,17385,1,12,2020,7.3
862,663,1600,1,8,2021,61
863,574,10158,1,12,2022,9.74
864,232,56907,0,7,2018,10.23
866,389,12498,1,2,2020,16.82
867,151,42265,1,2,2013,4.19
868,532,81329,3,4,2018,4.87
869,276,53300,1,12,2016,4.5
871,724,59839,0,2,2018,10.29
872,869,177734,0,6,2018,32
873,151,55200,1,4,2014,2.82
874,605,31651,1,7,2020,4.52
875,317,25921,1,4,2018,9.1
876,820,700,1,3,2022,11.5
877,622,28151,1,4,2019,7.04
878,152,39276,1,8,2014,3.51
879,18,75000,0,0,2014,16.5
880,140,25075,1,8,2018,6.85
881,401,10678,1,4,2020,13.53
882,109,31250,1,8,2015,5.75
883,492,18362,3,4,2021,4.51
884,620,38500,1,13,2010,2.65
885,648,25299,1,8,2015,4
886,667,99941,0,0,2012,9.5
887,60,35000,0,0,2009,12.5
888,506,48448,1,4,2017,3.38
889,550,33823,1,4,2017,6.87
890,624,21388,1,7,2019,5.71
891,467,35239,0,8,2015,6.45
892,914,11106,1,7,2021,8.25
893,402,28133,1,7,2020,12.75
894,545,23097,1,12,2021,10.76
895,646,57348,1,12,2016,3.76
896,674,37329,0,2,2018,29.75
897,108,15443,1,4,2017,7.19
898,263,43000,1,9,2018,3.4
899,231,39240,1,13,2017,9.25
900,295,43784,3,8,2019,5.45
901,633,87803,0,6,2018,9.25
902,348,45000,1,13,2015,6.45
903,868,35311,1,4,2011,3.09
904,447,42347,0,7,2018,18.99
905,628,68183,1,2,2018,7
906,689,41679,0,6,2018,33
907,324,77394,1,13,2013,4.6
908,194,30610,1,0,2019,6.99
909,895,6257,1,13,2021,11.4
910,140,7702,1,12,2022,8.57
911,228,75799,0,3,2017,10.72
912,83,47000,1,0,2018,2.5
913,584,52000,3,13,2013,6.5
914,886,40372,0,4,2018,20.31
915,23,45500,0,0,2013,27.51
916,106,43624,1,8,2019,9.45
917,624,18548,1,13,2018,5.95
918,127,63000,1,11,2019,6.1
919,634,51439,0,8,2017,8.85
920,66,56307,0,2,2018,32.75
921,568,30481,1,12,2018,6.41
922,239,34058,1,2,2018,7.89
923,136,48285,1,2,2015,5.19
924,107,60126,0,0,2017,7.9
925,53,61000,0,0,2019,38
926,532,88603,3,12,2017,4.89
927,495,45643,1,7,2013,2.09
928,793,10412,0,3,2021,9.78
929,275,32335,1,2,2019,5.7
930,701,133000,1,0,2011,14.56
931,234,80000,0,4,2014,6.25
932,190,39173,1,2,2015,5.99
933,361,91127,0,6,2013,4.5
934,328,29373,0,12,2019,13.25
935,408,23700,1,3,2020,10.5
936,156,62550,1,13,2013,3.99
937,257,66000,0,8,2015,5.71
938,641,89000,3,13,2014,3.49
939,259,45100,1,6,2016,2.95
940,283,53734,1,12,2016,4.61
941,348,74655,1,3,2016,6.9
942,884,340000,0,10,2009,6.5
943,858,54517,1,0,2019,11.9
944,495,35000,1,0,2019,3.35
945,561,36937,1,8,2016,6.4
946,677,40206,1,7,2007,4.5
947,231,48488,1,13,2016,8.8
948,923,72533,0,12,2017,23.76
949,698,44724,1,2,2012,24.85
950,142,43000,0,7,2017,4.75
951,334,94691,1,12,2015,4.86
952,322,71550,1,2,2013,4.99
953,717,77000,0,0,2014,6.25
954,104,95240,0,6,2015,6.3
955,165,46200,1,8,2014,5.95
956,630,58481,0,12,2018,7.79
957,194,8652,1,4,2019,8.11
958,491,30680,1,6,2017,3.5
959,616,34933,1,7,2018,4.5
960,239,42825,1,2,2018,7.79
961,208,39813,1,7,2018,7.91
962,933,50667,1,8,2011,3.45
963,632,29219,1,12,2020,8.62
964,683,63906,0,8,2012,11.95
965,890,35531,0,8,2019,24.5
966,295,23404,3,8,2019,5.45
967,276,22407,1,8,2017,4.65
968,268,22498,1,7,2018,5.11
969,645,68000,3,13,2015,3.95
970,458,70163,0,6,2018,10.45
971,86,48261,1,8,2017,2.85
972,168,42700,1,0,2019,9.9
973,740,32000,1,8,2020,5.45
974,108,46900,1,2,2018,7.59
975,495,20315,1,7,2018,3.21
976,372,66500,0,1,2018,18
977,633,40579,0,4,2018,7.45
978,157,72474,1,0,2010,3.9
979,821,1419,1,7,2022,11.5
980,495,29799,1,0,2016,3.2
981,560,73402,1,12,2017,6.75
982,495,70661,1,12,2015,2.69
983,479,148803,0,6,2015,11.5
984,406,7500,1,0,2021,7.9
985,579,53056,1,7,2017,6.44
986,576,69817,3,12,2020,5.55
987,21,38894,0,6,2013,18
988,502,15685,1,12,2012,2.34
989,382,18000,1,6,2018,15.3
990,651,76617,1,7,2013,2.68
991,760,32407,0,2,2018,33.25
992,414,38000,0,13,2018,49.5
993,627,21852,1,4,2018,6.48
994,452,41000,1,9,2017,3.95
995,404,4000,1,0,2022,12.75
996,254,31776,1,13,2018,6.75
997,610,76725,1,7,2014,3.85
998,568,25144,1,7,2018,5.44
999,726,63673,0,2,2018,10.25
1000,284,40558,1,3,2017,5.34
1001,213,74469,0,2,2015,11.25
1002,897,67067,1,8,2018,7.55
1003,932,77000,1,9,2011,3.25
1004,823,50043,1,12,2018,9.13
1005,264,81000,1,0,2011,2.2
1006,797,30830,0,13,2020,18.95
1007,619,83647,0,12,2016,5.67
1008,841,33640,1,2,2018,5.69
1009,926,60240,1,2,2015,7.65
1010,104,62225,0,8,2014,5.11
1011,11,48000,0,0,2015,16.9
1012,147,61280,1,8,2016,7.95
1013,578,92064,0,6,2014,6.7
1014,794,9291,1,12,2020,7.89
1015,514,65000,0,10,2018,6.25
1016,370,28449,1,8,2019,18.25
1017,901,41079,1,12,2019,9.9
1018,747,10690,1,8,2020,5.55
1019,215,36313,1,8,2019,11.75
1020,165,75258,1,8,2015,5.9
1021,628,21523,1,6,2018,7.5
1022,259,40000,1,13,2016,3.1
1023,641,57300,3,0,2018,4.9
1024,60,77000,0,0,2010,19.56
1025,636,20744,0,4,2019,10.12
1026,3,40910,0,2,2020,30.5
1027,689,25000,0,4,2017,25.59
1028,579,43162,1,6,2021,9.36
1029,128,82000,1,8,2010,3.9
1030,432,24000,1,4,2021,19.4
1031,809,175000,0,11,2014,2
1032,283,21415,1,2,2014,4.71
1033,540,48549,1,8,2016,4.45
1034,53,69000,0,4,2015,21.49
1035,89,1391,1,8,2019,3.45
1036,639,42000,1,8,2014,3.25
1037,753,8097,1,9,2022,5.25
1038,616,31511,1,4,2014,4.08
1039,775,65000,1,8,2013,3.51
1040,679,88508,0,6,2018,44.5
1041,470,36804,0,7,2021,12.99
1042,229,40000,0,6,2018,14.9
1043,778,117048,0,6,2016,7.45
1044,491,28200,1,0,2021,3.5
1045,620,57742,1,2,2014,4.99
1046,28,94520,0,0,2017,22.5
1047,487,88066,0,4,2015,6.85
1048,916,78140,0,0,2014,3.8
1049,826,29873,1,13,2018,8.75
1050,245,56415,0,6,2019,8.8
1051,146,38258,1,4,2018,9.42
1052,939,118271,0,6,2016,15.95
1053,449,29726,0,4,2019,8.32
1054,633,77000,0,6,2017,8.65
1055,482,55218,0,4,2018,13.95
1056,660,2390,1,8,2021,10.45
1057,284,71975,1,6,2017,4.91
1058,806,70930,0,6,2018,15.5
1059,131,45751,1,0,2017,6.25
1060,646,32702,1,7,2016,3.69
1061,138,45982,1,2,2018,7.25
1062,372,57624,0,6,2018,17.45
1063,527,67000,1,14,2014,4
1064,745,1245,1,7,2021,4.8
1065,164,56861,1,2,2016,7.99
1066,572,33372,1,2,2020,7.95
1067,835,22360,0,13,2021,24
1068,354,74050,1,12,2014,4.25
1069,238,39389,1,2,2018,8.95
1070,507,44042,1,12,2015,3.36
1071,671,53841,0,6,2019,46
1072,481,45724,0,0,2018,15.9
1073,381,1600,0,6,2022,37
1074,275,33583,1,7,2019,5
1075,303,32727,1,8,2020,10.45
1076,317,52858,1,4,2018,8.68
1077,507,88989,1,3,2016,2.95
1078,781,10418,1,4,2021,10.46
1079,76,65000,0,13,2017,8.5
1080,106,43624,1,8,2019,9.45
1081,509,31968,1,4,2018,6.89
1082,240,41236,1,8,2019,8.51
1083,520,36101,1,8,2017,5.85
1084,232,44157,0,8,2017,11.71
1085,914,51644,1,12,2014,5.92
1086,311,40655,0,4,2019,9.83
1087,136,79749,1,12,2015,4.69
1088,907,46000,1,9,2018,4.65
1089,906,40729,1,7,2016,3.99
1090,239,36349,1,2,2015,6.58
1091,274,23345,3,12,2019,5.37
1092,251,33679,1,4,2016,5.34
1093,337,56000,1,13,2014,2.95
1094,524,66290,1,9,2015,3.95
1095,537,41624,1,12,2017,4.25
1096,287,46458,1,12,2013,4.31
1097,9,116265,0,6,2013,16.5
1098,135,50821,1,4,2014,4
1099,487,87820,0,8,2016,9.75
1100,754,22785,1,13,2019,4.25
1101,641,70000,3,13,2018,4.5
1102,681,84169,0,6,2016,27
1103,520,12252,1,8,2020,7.25
1104,350,12420,1,12,2021,9.1
1105,344,50714,1,3,2014,3.67
1106,841,16337,1,4,2021,5.9
1107,600,52245,0,13,2017,7.95
1108,313,64317,1,12,2020,10.97
1109,18,101850,0,0,2014,15.5
1110,296,43189,1,12,2019,5.29
1111,13,82695,0,3,2016,27
1112,652,19225,3,12,2021,6.87
1113,624,63323,1,6,2016,5.8
1114,859,71957,0,6,2015,11.5
1115,551,54031,1,6,2020,8.49
1116,601,53416,0,2,2018,8.95
1117,45,64229,0,2,2016,27.85
1118,150,81122,1,2,2014,3.75
1119,655,50860,1,2,2019,5.79
1120,761,3000,1,7,2022,14.5
1121,622,32516,1,2,2019,7.85
1122,505,30305,1,0,2018,4.3
1123,448,45090,0,7,2017,5.71
1124,49,51400,0,6,2019,39.5
1125,919,9792,1,0,2021,16.49
1126,890,85182,0,4,2017,16.31
1127,236,25000,1,12,2014,6.85
1128,388,14300,1,12,2021,15.98
1129,165,52283,1,8,2015,6.45
1130,837,9578,1,12,2022,8.43
1131,126,32000,1,1,2020,6
1132,178,43239,1,8,2017,9.25
1134,774,54698,1,4,2020,9.59
1135,497,19097,1,4,2020,3.49
1136,624,37497,1,2,2018,6.29
1137,917,76143,1,8,2013,3
1138,175,28340,1,2,2017,11.45
1139,857,75766,1,4,2017,12.27
1140,321,106985,0,6,2014,6
1141,377,11000,1,8,2020,20
1142,69,74073,0,6,2012,18
1143,905,58549,0,3,2017,6.6
1144,922,12093,1,2,2021,15.99
1145,122,64983,0,8,2013,2.99
1146,239,36787,1,13,2014,5.15
1147,372,47631,0,7,2017,11.26
1148,562,28800,1,0,2017,7.52
1149,509,43000,1,6,2019,8.75
1150,936,55837,1,8,2016,6.1
1151,231,41441,1,13,2016,8.99
1152,912,49047,1,8,2015,4.25
1153,268,55888,1,6,2013,4.28
1154,295,32036,3,4,2021,6.04
1155,498,71169,1,4,2014,2.46
1156,184,19600,1,12,2019,20.7
1157,548,61456,0,4,2017,6
1158,515,28417,1,4,2020,6.79
1159,518,60132,0,2,2018,6.99
1160,254,45571,1,8,2017,6.1
1161,259,34229,1,4,2014,2.83
1162,648,38754,1,4,2018,4.45
1163,317,5564,1,8,2019,9.65
1164,504,58006,1,6,2019,4.3
1165,375,11293,0,8,2020,24.75
1166,912,51000,1,2,2015,5.79
1167,246,77505,0,3,2017,7.7
1168,914,62690,1,2,2018,9.25
1169,491,6370,1,7,2019,3.43
1170,614,59000,1,5,2017,5.15
1171,628,11874,1,13,2019,7.25
1172,739,56856,1,4,2017,2.85
1173,592,11824,1,12,2018,4.74
1174,483,56877,0,2,2016,11.25
1175,641,45000,3,13,2015,4
1176,202,24459,1,7,2017,6.25
1177,744,43335,1,12,2016,3.14
1178,193,54912,1,7,2016,4
1179,512,15116,1,8,2019,6.65
1180,943,67713,0,0,2018,36
1181,513,45000,1,6,2020,7.25
1182,263,46101,1,7,2018,2.45
1183,569,46232,1,2,2018,7.69
1184,693,6563,0,7,2022,64.99
1185,413,64801,0,7,2016,26.99
1186,694,46023,0,2,2018,53.55
1187,322,74371,1,8,2014,5.15
1188,253,58262,0,4,2018,5.94
1189,147,61225,1,8,2016,7.9
1190,332,37882,1,12,2015,4.82
1191,115,71773,0,6,2018,33
1192,355,35982,1,7,2012,2.99
1193,135,46500,1,8,2014,3.75
1194,681,24162,0,7,2016,27.99
1195,81,43000,1,0,2015,2.5
1196,104,53000,0,7,2015,4.65
1197,409,58063,0,7,2021,9.5
1198,41,37648,0,2,2018,69.95
1199,618,82366,0,6,2017,6.5
1200,760,103885,0,6,2017,25
1201,250,67000,1,6,2015,5.75
1202,909,63389,0,7,2011,2.95
1203,598,88000,1,6,2015,4.65
1204,6,43290,1,12,2018,24.5
1205,519,29093,1,7,2018,6.21
1207,196,48210,1,13,2017,5.5
1208,322,14296,1,2,2014,6.69
1209,107,59511,0,7,2018,6.5
1210,871,6373,0,7,2021,41.99
1211,887,88000,0,6,2018,22
1212,401,42000,1,0,2020,12.75
1213,727,94931,0,2,2015,7.75
1214,440,5900,1,7,2021,18
1215,413,38144,0,0,2019,43.07
1216,887,48989,0,13,2020,27
1217,624,15205,1,13,2018,5.95
1218,697,59348,0,8,2017,63
1219,646,33941,1,7,2018,3.82
1220,641,19812,3,12,2015,4.15
1221,915,55800,1,5,2018,4.85
1222,276,35010,1,4,2017,4.82
1223,392,11000,1,3,2020,16.9
1224,512,28000,1,13,2017,5.7
1225,744,53728,1,4,2018,3.04
1226,799,28000,0,8,2020,16.75
1227,502,66000,1,6,2012,2.55
1228,588,32881,1,0,2019,10.9
1229,937,101740,1,6,2010,3.5
1230,63,47000,0,13,2011,8.35
1231,633,82559,0,3,2018,8.13
1232,397,20881,1,6,2021,18.5
1234,600,48159,0,7,2018,6.25
1235,664,64300,0,0,2014,13.5
1236,394,32244,0,8,2020,18.51
1237,101,52547,1,0,2019,9.5
1238,620,71861,1,2,2009,3.25
1239,275,24251,1,2,2013,4.69
1240,700,32500,0,8,2014,46.6
1242,5,69727,1,0,2015,15
1243,254,54822,1,12,2015,5.26
1244,94,167000,0,0,2016,4.25
1245,762,23402,1,2,2021,19.25
1246,330,36000,1,7,2018,3.95
1247,605,53958,1,7,2020,4.31
1248,523,690000,1,13,2018,6.9
1249,358,50546,1,4,2014,4.3
1250,527,59175,1,2,2015,4.79
1251,2,17300,0,2,2018,29.5
1252,598,88000,1,6,2014,4.25
1253,898,28103,1,4,2019,7.85
1254,193,73061,1,6,2015,5.2
1255,881,101330,0,12,2012,7.25
1256,520,7773,1,12,2021,9.42
1257,426,29000,1,5,2020,85
1258,497,1953,1,4,2021,4.01
1259,242,18490,1,3,2019,7.67
1260,289,60093,0,13,2018,5.5
1261,624,46282,1,7,2019,5.43
1262,932,93682,1,6,2015,7
1263,618,84316,0,0,2015,4.9
1264,403,20175,0,6,2020,17
1265,241,19266,1,6,2017,7.39
1266,498,26802,1,2,2016,3.22
1267,242,20454,1,3,2018,7.17
1268,857,75766,1,4,2017,12.27
1269,157,80000,1,13,2012,3.65
1270,742,2421,1,12,2019,4.51
1271,231,53946,1,8,2016,9.11
1272,331,74000,1,13,2015,4.35
1273,317,22911,1,13,2018,7.75
1274,226,59994,0,6,2018,14.5
1275,512,48702,1,4,2016,4.98
1276,168,12382,1,12,2019,10.6
1277,267,12930,1,2,2016,6.29
1278,375,11293,0,8,2020,24.75
1279,546,20440,1,6,2019,9.95
1280,627,43000,1,13,2017,5.7
1281,532,81091,3,4,2018,4.68
1282,273,67621,0,6,2014,4.5
1283,317,38494,1,8,2016,6.5
1284,525,42348,3,12,2020,5.47
1285,533,93275,3,12,2019,5.27
1286,503,44199,1,7,2018,3.67
1287,4,77590,1,4,2018,21.8
1288,1,15678,0,7,2019,42.99
1289,531,52000,3,13,2016,4.4
1290,580,28678,3,13,2021,11.4
1291,597,40877,1,12,2013,3.57
1292,193,44464,1,3,2016,5.57
1293,450,57994,0,6,2017,7.25
1294,241,54982,1,2,2017,6.57
1295,83,40000,1,0,2018,2.5
1296,490,54000,1,13,2010,1.99
1297,34,56173,0,6,2012,15
1298,736,36700,1,2,2019,8.99
1299,921,2377,1,6,2022,18.95
1300,938,83893,0,6,2016,18
1301,322,96000,1,9,2011,4.25
1302,752,64346,1,2,2016,3.39
1303,45,104264,0,6,2013,15.5
1304,291,15447,1,7,2020,4.41
1305,434,29979,1,2,2019,15.99
1306,766,45661,1,13,2018,16.99
1307,442,57946,2,2,2020,19.19
1308,739,43361,1,2,2017,3.69
1309,169,18711,1,4,2017,8.62
1310,818,29700,1,3,2020,8.5
1311,363,64377,0,2,2018,18.95
1312,548,57498,0,4,2017,5.97
1313,865,169100,0,1,2015,5.5
1314,627,24389,1,4,2016,4.79
1315,801,21077,0,13,2019,16.2
1316,812,21065,2,13,2022,14.75
1317,198,9838,1,12,2021,10.24
1318,308,24410,1,6,2020,11.75
1319,243,14000,1,13,2018,7.15
1320,553,21880,1,4,2018,6.86
1321,619,69939,0,2,2016,6.45
1322,918,25501,1,2,2017,6.09
1323,208,78623,1,4,2016,8.28
1324,387,25483,1,7,2019,11.05
1325,543,46993,1,13,2017,7.35
1326,491,4697,1,4,2020,3.66
1327,650,53000,1,0,2016,4.3
1328,546,61867,1,4,2019,8.12
1329,603,28016,0,6,2018,9.5
1330,107,71400,0,0,2017,7.9
1331,116,27635,0,2,2019,35.95
1332,373,48179,1,8,2018,12.85
1333,721,99938,1,2,2018,7.79
1334,283,12842,1,7,2019,5.66
1335,900,8465,1,4,2021,10.27
1336,755,30040,1,7,2019,5.39
1337,623,45745,1,6,2020,7.25
1338,20,62410,0,2,2016,31.75
1339,266,29135,1,13,2017,5.4
1341,317,8000,1,4,2019,9.92
1342,935,40000,1,0,2018,8.39
1343,646,48502,1,5,2017,4
1344,89,10655,1,3,2021,4.65
1345,118,55000,0,7,2011,1.85
1346,447,40180,0,7,2019,21.45
1347,279,33863,1,2,2021,7.29
1348,597,40877,1,12,2013,3.57
1349,173,61123,1,9,2016,7.85
1350,944,82807,0,6,2016,26
1351,204,2293,1,0,2021,18.75
1352,744,28213,1,2,2018,4.49
1353,624,15400,1,2,2018,6.99
1354,46,38000,0,7,2013,11.5
1355,283,63148,1,2,2015,4.91
1356,450,91752,0,6,2016,6.5
1357,587,67590,1,8,2014,5.95
1358,612,66784,1,13,2015,4.95
1359,275,73000,1,9,2014,3.85
1360,116,27000,0,2,2019,35.95
1361,495,21857,1,12,2018,3.3
1362,508,60506,1,6,2009,2
1363,295,39598,3,8,2020,4.99
1364,558,48196,0,7,2016,4.99
1365,231,27433,1,7,2016,8.13
1366,193,60857,1,8,2017,5.45
1367,411,46328,0,7,2017,32.99
1368,687,75000,0,5,2015,16.5
1369,328,41197,0,13,2019,12
1370,904,40000,1,0,2017,5.5
1371,81,24921,1,13,2016,3.25
1372,897,14839,1,12,2018,8.04
1373,529,80306,1,12,2017,4.48
1374,173,49419,1,13,2016,7.5
1375,191,29206,1,0,2017,6.5
1376,214,37499,1,8,2019,14.45
1377,270,41017,1,8,2015,5.35
1378,676,47000,1,0,2014,29
1379,110,15386,1,7,2020,9.01
1380,883,45530,0,2,2015,14.35
1381,346,57000,1,0,2014,3.65
1382,526,89495,3,12,2019,5.58
1383,540,51722,1,6,2016,4.7
1384,54,45700,0,0,2020,57.5
1385,201,46945,0,4,2018,7.75
1386,107,27117,0,4,2017,7.02
1387,373,63000,1,6,2017,16.5
1388,671,40378,0,2,2018,32.5
1389,586,110399,0,6,2015,7.9
1390,603,45000,0,13,2015,6.5
1391,405,40089,0,8,2020,12.6
1393,913,46354,0,6,2018,7.3
1394,291,4441,1,7,2019,4.09
1395,519,36146,1,8,2017,6.15
1396,313,16768,1,12,2020,11.61
1397,168,21691,1,2,2019,9.99
1398,394,67420,0,7,2020,14.45
1399,356,41999,1,2,2013,4.99
1400,510,62000,1,0,2018,6.75
1401,818,3200,1,3,2021,9.75
1402,641,47747,3,12,2014,3.87
1403,351,14746,1,0,2021,9.75
1404,3,78597,0,0,2014,16.5
1405,141,82075,1,12,2013,4.09
1406,164,45000,1,1,2015,6.5
1407,337,55000,1,0,2015,3.5
1408,581,19900,1,5,2020,9.56
1409,133,36000,1,0,2016,5.25
1411,498,27233,1,7,2014,2.23
1412,891,21396,0,2,2019,22.99
1413,812,48400,2,2,2020,15.5
1414,305,7432,1,3,2020,8.31
1415,641,68695,3,8,2014,3.75
1416,750,13150,1,1,2021,4.6
1417,249,36000,1,7,2017,4.4
1418,772,109335,0,6,2015,6.2
1419,392,10400,1,0,2022,15.51
1420,795,11178,1,2,2021,8.49
1421,643,66000,1,9,2012,2.35
1422,129,33046,1,8,2016,4.65
1423,357,64000,1,9,2013,3.65
1424,457,20473,0,2,2019,11.49
1425,173,62000,1,0,2015,7.75
1426,492,37228,3,12,2021,5
1427,853,700,1,12,2022,48.5
1428,296,43189,1,12,2019,5.29
1429,29,65000,0,0,2015,15.13
1430,121,71000,1,13,2014,2.49
1431,625,60161,0,13,2019,8
1432,548,57498,0,4,2017,5.97
1433,822,37845,0,13,2019,9.6
1434,451,20338,0,0,2017,4.25
1435,765,38842,1,12,2016,15.23
1436,524,76775,1,12,2016,3.94
1437,569,39439,1,2,2018,7.29
1438,621,81869,1,3,2017,5.2
1439,107,56204,0,0,2017,7.9
1440,146,49889,1,8,2018,7.75
1441,605,7942,1,13,2021,4.75
1442,368,83358,0,6,2013,23
1443,347,50307,1,7,2016,4.93
1444,30,21894,0,7,2016,17.99
1445,105,52613,0,7,2015,4.9
1446,513,59468,1,8,2018,6.51
1447,260,16205,1,12,2015,3.6
1448,537,41624,1,12,2017,4.25
1449,578,120000,0,6,2015,7.3
1450,227,33815,1,0,2018,13.5
1451,728,41591,0,2,2017,9.99
1452,723,82000,0,6,2018,7.95
1453,502,44288,1,4,2019,3.45
1454,605,7082,1,7,2020,4.55
1455,463,36624,0,2,2015,9.29
1456,599,51000,1,6,2014,3.9
1457,93,24954,1,0,2017,5.5
1458,379,54441,0,12,2017,12.24
1459,502,34579,1,12,2012,1.99
1460,641,23000,3,13,2020,6.15
1461,214,35000,1,8,2018,13.5
1462,662,1700,1,12,2021,52
1463,905,30000,0,7,2016,5.15
1464,545,11140,1,12,2020,10.63
1465,832,19075,0,2,2021,23.49
1466,682,114686,0,8,2014,17.9
1467,123,38603,1,6,2019,6.5
1468,608,67860,1,13,2010,2.45
1469,507,40510,1,4,2018,3.36
1470,252,19905,1,7,2017,5.19
1471,366,21000,1,7,2017,24
1472,262,28104,1,2,2014,3.29
1473,672,23400,0,12,2020,49
1474,242,32000,1,3,2019,7.75
1475,231,58289,1,13,2015,7.9
1476,313,11457,1,2,2019,11.45
1477,811,5000,2,8,2022,15.25
1478,141,73699,1,3,2016,6.5
1479,255,68766,1,8,2015,5.25
1480,202,30902,1,8,2017,6.95
1481,173,66684,1,8,2015,7.35
1482,896,8134,1,13,2021,9.85
1483,306,24432,1,7,2021,9.64
1484,343,58734,1,12,2011,2.86
1485,343,15780,1,13,2013,3.25
1486,82,44760,1,8,2014,2.65
1487,222,17000,1,13,2021,13.2
1488,211,117295,0,6,2015,9.7
1489,261,62000,1,11,2014,2.5
1490,206,43300,0,0,2019,11.75
1491,137,15899,1,0,2020,7.75
1492,446,76187,0,7,2020,22.5
1493,239,59194,1,8,2015,5.21
1494,400,13841,1,12,2021,16.67
1495,617,11000,1,3,2019,7
1496,214,24128,1,13,2018,12.25
1497,931,96710,0,12,2017,8.14
1498,472,38500,0,6,2020,16.25
1499,199,23798,1,0,2017,6.25
1500,792,5918,1,3,2021,7.37
1501,293,5231,1,12,2020,6.06
1502,764,78000,0,13,2013,5.95
1503,227,60038,1,0,2019,12.9
1504,549,48279,1,8,2017,7.4
1505,707,56000,1,0,2017,3.25
1506,276,45907,1,2,2017,5.09
1507,352,8566,1,13,2021,9.95
1508,768,97050,0,12,2017,15.21
1509,627,50000,1,13,2021,6.95
1510,861,86000,1,0,2018,12
1511,66,67337,0,2,2018,32.75
1512,117,59000,0,5,2019,31.25
1513,420,45195,0,7,2021,59.99
1514,115,71000,0,0,2018,27
1515,780,123000,0,6,2017,8.25
1516,512,24695,1,4,2019,6.07
1517,524,62228,1,9,2015,3.85
1518,170,80000,0,6,2015,6.5
1519,620,22500,1,13,2013,3.75
1520,96,106587,0,6,2013,3.3
1521,416,75000,0,7,2012,9.5
1522,114,28466,0,8,2018,29.95
1523,290,87642,0,13,2015,10.25
1524,867,65243,0,2,2013,5.4
1525,912,90381,1,6,2015,5.2
1526,201,84439,0,3,2018,8.53
1527,746,20916,1,8,2019,4.85
1528,19,20000,1,2,2021,72
1529,606,70,1,4,2021,4.76
1530,481,45350,0,2,2020,20.49
1531,890,36283,0,8,2018,22.25
1532,574,26450,1,12,2019,7.45
1533,587,62285,1,6,2013,6.45
1534,469,5438,1,2,2021,17.95
1535,861,88105,1,4,2016,10.02
1536,164,78529,1,4,2015,5.56
1537,188,33000,1,6,2018,6.75
1538,38,133000,0,0,2015,17.5
1539,549,53197,1,2,2017,7.49
1540,603,15629,0,8,2017,7.75
1541,930,95860,0,6,2014,6.25
1542,569,39439,1,2,2018,7.29
1543,319,91495,0,12,2017,8.79
1544,888,177700,0,5,2017,13.69
1545,519,29093,1,7,2018,6.21
1546,108,74280,1,12,2018,8.59
1547,287,22676,1,4,2015,4.3
1548,157,77000,1,9,2010,3.25
1549,789,38818,1,13,2017,16.99
1550,235,66666,0,8,2013,5.65
1551,508,62000,1,6,2011,2.85
1552,337,63000,1,0,2014,3.25
1553,269,58184,1,12,2016,5.24
1554,113,80600,0,5,2015,3.5
1555,932,40912,1,0,2019,8.5
1556,606,9323,1,7,2020,4.6
1557,456,5300,0,11,2022,15
1558,197,5870,1,7,2021,8.08
1559,173,66608,1,13,2015,6.75
1560,239,41068,1,2,2018,7.89
1561,544,40532,1,2,2017,8.25
1562,173,48146,1,8,2015,7.25
1563,399,27710,0,8,2020,15.45
1564,511,49000,1,10,2019,5.8
1565,331,11628,1,7,2015,4.25
1566,502,63250,1,4,2012,1.81
1567,470,4600,0,6,2022,18
1568,890,35531,0,8,2019,24.5
1569,563,19586,1,12,2019,10.87
1570,502,17815,1,4,2019,3.73
1571,760,51000,0,6,2018,28.75
1572,434,29988,1,2,2020,15.99
1573,715,121000,0,0,2014,5.7
1574,512,39852,1,4,2018,5.85
1575,749,12850,1,8,2020,4.35
1576,288,31500,1,3,2018,5.81
1577,495,35965,1,7,2014,2.05
1578,410,18169,1,12,2020,10.06
1579,524,24063,1,7,2015,3.57
1580,462,19000,0,4,2020,12.85
1581,256,35811,1,6,2020,8.3
1582,673,7000,0,7,2018,26.75
1583,166,60000,0,0,2018,7.9
1584,773,67269,1,8,2017,6.95
1585,642,40664,3,8,2021,6.4
1586,873,113000,0,8,2011,10.75
1587,498,20786,1,3,2018,3.41
1589,54,53971,0,13,2017,32.95
1590,874,53834,0,7,2021,39.5
1591,820,30356,1,3,2020,10.67
1592,552,76000,0,6,2019,9.1
1593,299,79800,1,1,2013,2.6
1594,499,4958,1,4,2021,4.02
1595,214,70000,1,0,2019,11.75
1596,291,24669,1,12,2020,5.62
1597,418,89000,0,0,2014,22.5
1598,275,42228,1,4,2014,3.85
1599,219,40544,1,2,2016,9.39
1600,637,19608,1,2,2020,11.25
1601,527,41058,1,4,2016,3.95
1602,45,65000,0,0,2013,10.9
1603,554,38773,1,8,2017,6.35
1604,679,49700,0,0,2018,44.37
1605,826,31585,1,12,2018,8.66
1606,646,86866,1,7,2015,3.6
1607,787,56341,0,8,2017,19.95
1608,168,53206,1,2,2015,6.69
1609,276,18000,1,0,2017,4.75
1610,245,63379,0,8,2016,6.85
1611,173,48900,1,0,2015,7.5
1612,208,41951,1,4,2016,8.56
1613,829,22889,0,7,2021,19.45
1614,397,19970,1,12,2019,11.43
1615,498,44706,1,6,2018,3.5
1616,181,83920,1,12,2008,1.8
1617,17,45760,1,0,2021,39.5
1618,328,56040,0,8,2017,8.9
1619,606,64,1,4,2021,4.76
1620,573,51500,1,0,2019,6.9
1621,160,36040,1,12,2018,11.3
1622,502,34579,1,12,2012,1.99
1623,239,40875,1,7,2015,4.61
1624,348,31622,1,6,2017,6.73
1625,107,36600,0,2,2017,8.99
1626,18,29000,0,7,2013,13.5
1627,778,41443,0,6,2019,9.8
1628,109,62926,1,8,2016,6.25
1629,646,55486,1,7,2017,3.84
1630,279,36053,1,0,2020,6.25
1631,193,17922,1,12,2019,7.7
1632,398,8963,1,13,2022,16.85
1633,168,20143,1,2,2018,8.91
1634,610,66000,1,13,2013,4.75
1635,589,29012,1,7,2008,99991
1636,168,40547,1,8,2018,8.35
1637,172,80815,1,8,2016,6.8
1638,620,24858,1,2,2017,6.06
1639,364,96095,0,13,2017,17.91
1640,646,54095,1,12,2014,3.23
1641,444,69446,1,6,2014,20
1642,502,127000,1,7,2012,2.1
1644,575,59597,1,2,2018,7.99
1645,655,18855,1,13,2019,5.35
1646,623,41528,1,2,2018,7.45
1647,616,35166,1,6,2019,5.51
1648,90,26762,1,2,2015,8.97
1649,36,58670,0,0,2014,22.88
1650,267,29964,1,8,2017,5.75
1651,421,5600,1,13,2021,77
1652,495,20572,1,4,2017,2.89
1653,840,44296,1,3,2018,4.53
1654,455,12000,1,6,2020,7
1655,498,39262,1,12,2017,2.91
1656,297,46733,1,7,2010,1.42
1657,917,39200,1,2,2016,6.99
1658,214,67981,1,12,2016,9.64
1659,180,66729,1,2,2020,12.49
1660,675,13137,1,8,2017,25.5
1661,917,47000,1,7,2013,3
1662,945,45000,0,7,2018,45
1663,476,36770,0,2,2019,12.99
1664,363,67970,0,2,2017,16.95
1665,165,46910,1,12,2015,6.58
1666,186,34231,1,2,2015,6.85
1667,833,13594,0,2,2021,23.95
1668,312,43000,0,0,2020,9.25
1669,173,82953,1,3,2016,7.35
1670,827,65000,0,7,2014,5.75
1671,9,86830,0,6,2013,14.9
1672,221,72305,0,6,2021,16
1673,170,55201,0,6,2015,6.8
1674,559,37799,1,13,2017,7.31
1675,643,24628,1,2,2011,2.95
1676,200,24000,1,0,2020,7.75
1677,600,34514,0,6,2019,11.5
1678,479,89000,0,13,2016,10.5
1679,890,108810,0,0,2018,19
1680,640,3810,1,4,2021,5.56
1681,379,43922,0,13,2019,15.4
1682,525,36560,3,13,2020,6.15
1683,346,48137,1,6,2014,4.55
1684,169,44415,1,13,2017,7.95
1685,376,64683,0,2,2019,17.99
1686,131,38885,1,8,2014,3.95
1687,509,69886,1,8,2019,7.11
1688,894,152000,0,12,2011,70
1689,324,31726,1,12,2018,10.11
1690,606,75258,1,6,2020,4.4
1691,157,77000,1,9,2010,3.25
1692,620,34551,1,4,2015,4.11
1693,217,53459,0,6,2017,11.57
1694,604,11729,1,7,2020,9.14
1695,362,11000,0,0,2022,9.5
1696,627,75000,1,9,2014,4.1
1697,895,15412,1,12,2022,12.56
1698,169,70233,1,4,2017,7.93
1699,151,53000,1,0,2013,3.45
1700,777,60000,1,6,2014,5.25
1701,620,54489,1,3,2017,5.57
1702,79,95000,0,13,2016,7.95
1703,861,25000,1,8,2017,12.75
1704,704,31387,1,6,2020,12.65
1705,530,23225,3,13,2020,6.1
1706,276,35705,1,4,2017,4.94
1707,176,41000,0,7,2015,6.8
1708,507,44042,1,12,2015,3.36
1709,40,48000,0,12,2017,52
1710,495,72171,1,2,2014,2.99
1711,758,20555,1,12,2020,6.7
1712,624,3168,1,7,2019,6.5
1713,840,47751,1,9,2018,4.75
1714,500,52151,1,4,2010,2.01
1715,311,40655,0,4,2019,9.83
1716,618,82914,0,7,2017,4.27
1717,929,83501,0,6,2013,4.7
1718,239,61900,1,5,2015,5.49
1719,232,37630,0,7,2018,10.93
1720,327,63994,1,2,2020,11.79
1721,600,58000,0,13,2018,8.75
1722,172,25000,1,10,2017,9.5
1723,171,33246,1,8,2017,7.45
1724,107,42071,0,2,2016,8.25
1725,367,29999,0,2,2017,32.99
1726,754,15507,1,13,2017,3.15
1727,570,15805,0,2,2018,7.64
1728,527,63931,1,9,2014,3.85
1729,647,31295,1,6,2019,5.5
1730,232,130000,0,0,2017,10.25
1731,604,9400,1,0,2021,11.56
1732,231,39000,1,13,2015,8.55
1733,512,24749,1,7,2018,5.82
1734,638,21986,1,2,2020,12.75
1735,58,81000,0,0,2012,15
1736,927,37230,1,6,2021,12
1737,320,35856,1,4,2014,5.25
1738,791,137849,0,6,2011,6
1739,742,19927,1,2,2019,4.52
1740,712,56000,1,7,2012,2.49
1741,54,41296,0,8,2017,33
1742,136,63882,1,8,2016,4.45
1743,152,39276,1,8,2014,3.51
1744,222,16000,1,13,2021,13.25
1745,520,57052,1,7,2016,4.83
1746,634,50802,0,12,2019,10.22
1747,355,45195,1,8,2014,3.75
1748,641,86955,3,12,2018,4.2
1749,404,20879,1,7,2020,11.04
1750,255,5000,1,13,2016,5.95
1751,646,44480,1,7,2014,2.99
1752,295,39717,3,12,2018,5.29
1753,466,32549,0,7,2017,6.23
1754,763,140037,0,8,2013,4.25
1755,473,10900,1,0,2020,15.75
1756,33,90000,0,0,2015,14.9
1757,658,38598,1,13,2020,9.9
1758,891,12039,0,0,2020,21.5
1759,849,17294,2,13,2021,11.35
1761,624,46027,1,6,2019,6.95
1762,735,46525,1,12,2014,4.8
1763,801,24500,0,0,2019,15.51
1764,173,48793,1,13,2016,7.75
1765,346,85500,1,13,2014,3.25
1766,621,34088,1,2,2017,6.89
1767,512,19921,1,12,2019,7.19
1768,152,75000,1,0,2012,2.39
1769,502,99203,1,6,2012,2.6
1770,374,57000,0,0,2019,13.5
1772,546,35829,1,8,2018,8.45
1773,8,89332,0,0,2013,13.5
1774,41,22000,0,7,2019,54
1775,636,59706,0,8,2016,8.21
1776,63,75000,0,0,2011,8
1777,253,58262,0,4,2018,5.94
1778,407,9914,0,13,2021,15.5
1779,267,81298,1,12,2015,4.96
1780,66,29221,0,2,2019,37.85
1781,219,34766,1,8,2017,8.29
1782,646,20138,1,6,2014,3.41
1783,202,47000,1,7,2017,6.49
1784,286,27113,1,2,2019,6.59
1785,656,7506,1,2,2020,6.99
1786,889,48969,0,13,2018,18.9
1787,134,77200,1,13,2018,5.85
1788,267,34258,1,8,2016,5.41
1789,239,54136,1,7,2015,4.46
1790,252,28000,1,0,2017,6.75
1791,925,56000,0,13,2014,5.5
1792,433,19000,1,7,2021,17
1793,649,84065,1,12,2018,4.67
1794,582,37523,1,8,2019,10.45
1795,641,64942,3,4,2017,4.06
1796,634,82000,0,0,2018,8.75
1797,355,41123,1,4,2011,2.59
1798,77,72000,0,0,2015,6.9
1799,599,65247,1,4,2014,3.21
1800,153,56861,1,0,2017,5.75
1801,288,41100,1,0,2018,5.45
1802,646,56932,1,7,2014,2.99
1803,852,20000,1,7,2017,18.9
1804,173,4275,1,13,2021,14.5
1805,254,20281,1,8,2017,5.91
1806,512,46310,1,7,2019,5.68
1807,598,60000,1,7,2014,2.5
1808,817,16449,1,7,2018,6.9
1809,378,27000,1,8,2019,18.75
1810,850,15122,1,3,2021,7.09
1811,283,5221,1,2,2015,5.69
1812,269,35000,1,13,2016,5.95
1813,856,67800,1,10,2015,10.25
1814,219,34841,1,6,2018,10.5
1815,553,22217,1,0,2017,7.15
1816,846,17817,1,2,2020,6.79
1817,401,13969,1,2,2020,15.45
1818,350,13626,1,13,2021,9.6
1819,646,31316,1,7,2014,3.32
1820,566,7050,0,13,2018,7.25
1821,156,74000,1,8,2012,3.95
1822,242,24737,1,4,2019,8.01
1823,631,29147,0,6,2019,9.45
1824,218,48976,0,12,2017,9.7
1825,231,39240,1,13,2017,9.25
1826,495,70153,1,7,2018,2.81
1827,252,16398,1,13,2019,6.75
1828,135,65636,1,12,2014,3.9
1829,241,30000,1,7,2017,5.75
1830,343,26916,1,13,2012,2.45
1831,275,34000,1,13,2019,5.4
1832,307,16100,0,1,2021,11.5
1833,165,36623,1,13,2015,6.5
1834,576,1374,3,8,2021,6.45
1835,177,12372,1,6,2021,15.9
1836,546,10200,1,7,2020,8.5
1837,606,28224,1,8,2020,4.65
1838,641,45116,3,12,2017,4.51
1839,675,37000,1,0,2018,25.9
1840,435,14000,1,8,2021,18.75
1841,169,59053,1,0,2017,7.3
1842,7,73562,0,6,2012,15
1843,696,75176,0,6,2015,38.5
1844,861,34316,1,7,2018,13.94
1845,239,42825,1,2,2018,7.79
1846,893,23439,0,13,2021,29.75
1847,384,47300,1,7,2017,53
1848,442,57946,2,2,2020,19.19
1849,460,36700,0,3,2021,14.85
1851,646,19021,1,7,2018,4.11
1852,867,65243,0,2,2013,5.4
1853,394,68700,0,6,2020,18.5
1854,438,28679,0,2,2019,16.99
1855,813,27499,1,3,2020,9.29
1856,630,86908,0,13,2016,7
1857,910,55460,1,7,2010,3.35
1858,109,54310,1,8,2017,6.79
1859,178,58165,1,12,2017,10.09
1860,695,34000,0,12,2020,86
1861,404,12800,1,0,2022,12.5
1862,203,57704,1,6,2011,2.7
1863,177,6116,1,12,2022,16.06
1864,151,81000,1,9,2013,2.95
1865,429,2200,1,2,2022,15.49
1866,456,9238,0,7,2021,11.36
1867,322,84344,1,4,2013,3.91
1868,801,47082,0,2,2019,16.95
1869,353,41429,1,12,2012,4.3
1871,618,62000,0,13,2017,6.1
1872,112,74529,0,7,2014,4.51
1873,783,46807,1,2,2020,11.25
1874,285,25971,1,13,2017,5.7
1875,568,43100,1,0,2018,6.11
1876,430,20264,0,13,2021,42.85
1877,561,75000,1,13,2016,6.5
1878,168,20580,1,7,2019,8.15
1879,208,28596,1,4,2019,11.67
1880,136,48333,1,2,2014,5.09
1881,484,74000,0,0,2017,9.5
1882,862,140000,1,10,2005,2
1883,630,42000,0,13,2016,7.4
1884,191,26786,1,8,2016,5.9
1885,524,36415,1,12,2016,4.43
1886,694,42000,0,12,2018,54
1887,177,7747,1,8,2021,15.11
1888,627,18619,1,12,2019,7.34
1889,696,55000,0,0,2017,47
1890,345,36000,1,8,2012,3.45
1891,744,2066,1,8,2020,4.75
1892,24,10700,1,0,2020,30.5
1893,569,48000,1,13,2018,6.6
1894,512,48702,1,4,2016,4.98
1895,168,87693,1,12,2016,6.75
1896,814,14836,1,0,2021,10.25
1897,796,16000,0,0,2022,22.9
1898,239,53864,1,2,2018,7.21
1899,254,14546,1,2,2019,8.39
1900,141,87150,1,12,2017,5.05
1901,532,50889,3,12,2018,5.25
1902,864,70000,1,9,2011,2.75
1903,14,47555,0,2,2018,32.75
1904,88,63225,1,6,2016,2.7
1905,454,60132,1,7,2020,4.92
1906,52,42465,0,7,2016,20.99
1907,666,64304,0,7,2013,10.95
1908,20,79059,0,0,2016,24
1909,280,18590,3,13,2021,7.25
1910,212,75000,0,4,2016,8.75
1911,380,70400,0,2,2017,14.99
1912,171,79938,1,13,2017,7.6
1913,476,70000,0,6,2019,13
1914,430,24600,0,2,2020,41.99
1915,509,56800,1,4,2016,5.24
1916,630,48174,0,13,2018,8.25
1917,914,52000,1,6,2019,9.25
1918,722,34000,1,8,2018,6.9
1919,65,16000,0,6,2019,39
1920,596,92000,0,6,2012,3.45
1921,495,70661,1,12,2015,2.69
1922,327,11000,1,7,2021,11.5
1923,611,89000,0,3,2014,5.5
1924,115,45000,0,4,2018,31.43
1925,688,53000,1,8,2017,21.75
1926,715,85000,0,8,2015,5.75
1927,620,46000,1,0,2012,3.34
1928,568,45000,1,7,2021,6.75
1929,370,48381,1,13,2018,13.41
1930,275,20225,1,4,2018,4.82
1931,861,25914,1,12,2018,16.5
1932,694,50012,0,0,2018,55
1933,441,9700,1,2,2019,14.99
1934,393,8000,1,8,2021,18.65
1935,241,47452,1,0,2016,6.2
1936,193,10861,1,6,2016,5.95
1937,607,76000,3,4,2010,1.71
1938,489,15000,1,1,2013,2.95
1939,459,10616,0,7,2020,11.37
1940,349,10530,1,2,2021,11.95
1941,182,62500,1,13,2012,3.49
1942,391,7358,1,2,2021,19.95
1943,80,27000,0,6,2021,35
1944,157,95000,1,8,2010,3.1
1945,275,36234,1,7,2018,4.15
1946,494,54765,3,12,2019,3.89
1947,276,58000,1,13,2017,4.65
1948,294,13772,1,2,2018,5.89
1949,274,8423,3,12,2021,7.78
1950,115,47000,0,8,2018,31.5
1951,315,45000,0,0,2019,10.9
1952,465,127000,0,6,2014,6.15
1953,168,21946,1,13,2015,6.15
1954,245,91,0,0,2015,5.51
1955,104,59685,0,7,2013,4.34
1956,788,14500,1,12,2021,34.9
1957,585,65917,0,6,2018,10.8
1958,654,34124,1,7,2018,4.25
1959,534,25834,1,4,2019,4.86
1960,500,58073,1,4,2014,2.36
1961,651,52002,1,2,2013,3.57
1962,302,17852,0,0,2018,19.9
1963,923,41797,0,13,2018,24.95
1964,368,36000,0,7,2014,19.5
1965,135,37206,1,12,2016,5.21
1966,644,106900,3,13,2013,3.35
1967,239,46000,1,13,2017,6.4
1968,70,13600,0,0,2020,62.5
1969,630,69812,0,4,2018,7.35
1970,630,33747,0,4,2019,8.01
1971,275,36122,1,7,2015,3.6
1972,648,38447,1,13,2019,4.75
1973,254,18000,1,13,2017,6.35
1974,343,63000,1,8,2013,2.95
1975,278,24736,1,12,2020,7.12
1976,115,25160,0,4,2018,31.89
1977,30,76840,0,6,2016,21.5
1978,67,19000,1,12,2021,41.9
1979,648,56000,1,13,2015,4.5
1980,337,26250,1,4,2015,3.59
1981,340,43278,1,6,2008,2.5
1982,214,58676,1,8,2018,12.75
1983,568,30663,1,3,2019,6.41
1984,610,71138,1,13,2013,4.15
1985,101,17002,1,2,2019,10.85
1986,790,86000,0,0,2012,3.49
1987,300,74000,1,10,2007,3
1988,502,15685,1,12,2012,2.34
1989,845,100088,1,1,2022,4
1990,686,69000,0,6,2015,47
1992,509,40244,1,8,2018,6.9
1993,109,35724,1,2,2017,8.29
1994,301,12030,0,4,2021,7.61
1995,554,43152,1,12,2017,6.97
1996,232,120000,0,6,2017,11.95
1997,434,21105,1,6,2021,18
1998,151,46089,1,2,2014,4.39
1999,577,18568,1,3,2020,4.92
2000,275,57847,1,2,2018,5.39
2001,930,58436,0,8,2015,6.35
2002,620,52000,1,0,2015,4.9
2003,934,30788,1,6,2021,13.5
2004,143,90354,0,6,2014,4.5
2005,395,11870,1,3,2021,10.75
2006,855,149500,3,13,2010,3.45
2007,331,44000,1,0,2015,4.75
2008,290,55545,0,2,2015,16.25
2009,840,57000,1,9,2018,4.45
2010,780,123000,0,6,2017,8.25
2011,528,24595,1,8,2016,4.45
2012,599,49000,1,8,2012,3.25
2013,834,16600,0,6,2021,24
2014,544,30830,1,12,2018,9.23
2015,642,72000,3,13,2017,4.65
2016,10,89070,0,0,2014,16.5
2017,475,15777,1,7,2021,7.24
2018,760,25000,0,8,2017,29.75
2019,232,56907,0,7,2018,10.23
2020,893,33500,0,6,2021,31
2021,495,24456,1,12,2016,2.98
2022,931,48000,0,0,2016,7.9
2023,280,21187,3,12,2021,7.09
2024,250,58326,1,4,2014,3.95
2025,577,12566,1,3,2019,4.33
2026,536,49821,1,4,2015,3.98
2027,284,25028,1,8,2013,3.95
2028,453,41604,1,0,2018,4.51
2029,643,80386,1,12,2011,2.55
2030,679,17500,0,0,2020,60
2031,542,27095,0,7,2019,8.7
2032,176,34178,0,7,2018,8.85
2033,479,37000,0,7,2016,9.75
2034,233,85930,0,6,2017,13
2035,288,35373,1,6,2017,5.3
2036,239,54136,1,7,2015,4.46
2037,56,9664,1,8,2022,68
2038,196,34640,1,7,2018,5.32
2039,735,50244,1,2,2017,6.99
2040,202,29099,1,8,2018,7.85
2041,914,27239,1,13,2016,6.95
2042,344,41000,1,7,2014,2.45
2043,85,15755,1,7,2019,4.98
2044,9,57566,0,13,2015,13.95
2045,495,65315,1,6,2012,2.39
2046,507,74200,1,2,2016,3.79
2047,252,45000,1,0,2018,6.9
2048,785,6098,1,3,2022,16.58
2049,337,46150,1,0,2016,4.25
2050,64,68714,0,6,2016,22.5
2051,135,61000,1,0,2013,4.3
2052,66,7100,0,3,2021,44.75
2053,703,18000,0,0,2017,69
2054,623,21800,1,2,2020,7.95
2055,292,47873,1,12,2020,5.89
2056,648,84827,1,3,2018,4.75
2057,844,34867,1,8,2017,4.75
2058,942,47000,0,8,2018,16.75
2059,741,53447,1,3,2019,4.56
2060,74,19506,1,6,2008,70
2061,275,67844,1,12,2014,3.94
2062,739,32000,1,13,2017,3.35
2063,132,15075,1,2,2016,6.49
2064,244,100000,1,6,2016,6.5
2065,153,46314,1,8,2014,4.35
2066,522,58238,0,6,2017,7.3
2067,125,44000,1,0,2017,4.3
2068,781,45834,1,12,2016,6.66
2069,430,22000,0,6,2020,39
2070,95,47781,3,12,2019,6.77
2071,202,51425,1,0,2018,7.35
2072,367,9090,0,2,2018,37.75
2073,812,7000,2,0,2022,18.75
2074,141,44114,1,12,2013,4.39
2075,190,52000,1,9,2015,4.95
2076,831,6625,0,12,2022,26.15
2077,725,62732,0,13,2018,8.95
2078,890,121842,0,6,2018,24
2079,774,57702,1,2,2018,8.99
2080,323,40493,1,2,2015,6.49
2081,618,65000,0,6,2018,7.5
2082,98,30723,1,9,2017,6.25
2083,358,15608,1,2,2020,8.89
2084,758,19000,1,8,2021,7.65
2085,282,52242,0,7,2015,3.49
2086,801,45163,0,0,2019,15.5
2087,792,33530,1,3,2020,7.06
2088,735,60444,1,2,2017,7.89
2089,252,27189,1,7,2018,5.38
2090,584,112000,3,13,2014,7.15
2091,861,65100,1,13,2018,12.95
2092,569,21477,1,4,2019,6.47
2093,168,14437,1,4,2018,8.79
2094,508,67181,1,6,2008,1.8
2095,169,31482,1,13,2018,9.35
2096,568,27563,1,7,2018,5.5
2097,415,8500,1,0,2021,64
2098,193,37210,1,7,2016,4.25
2099,283,66250,1,0,2014,4.5
2100,124,42158,0,7,2015,3.6
2101,443,68862,0,6,2013,22
2102,317,37622,1,3,2018,8.38
2103,557,64726,1,8,2017,6.75
2104,317,29150,1,12,2017,8.76
